<?xml version="1.0" encoding="UTF-8" standalone="yes"?>
<rtc:RtcProfile rtc:version="0.2" rtc:id="RTC:Matsuda:Category:SerialIn:1.0.0" xmlns:rtcExt="http://www.openrtp.org/namespaces/rtc_ext" xmlns:rtcDoc="http://www.openrtp.org/namespaces/rtc_doc" xmlns:rtc="http://www.openrtp.org/namespaces/rtc" xmlns:xsi="http://www.w3.org/2001/XMLSchema-instance">
    <rtc:BasicInfo xsi:type="rtcExt:basic_info_ext" rtcExt:saveProject="SerialIn" rtc:updateDate="2016-09-19T14:27:15+09:00" rtc:creationDate="2016-09-19T14:27:15+09:00" rtc:version="1.0.0" rtc:vendor="Matsuda" rtc:maxInstances="1" rtc:executionType="PeriodicExecutionContext" rtc:executionRate="1000.0" rtc:description="ModuleDescription" rtc:category="Category" rtc:componentKind="DataFlowComponent" rtc:activityType="PERIODIC" rtc:componentType="STATIC" rtc:name="SerialIn">
        <rtcExt:VersionUpLogs></rtcExt:VersionUpLogs>
    </rtc:BasicInfo>
    <rtc:Actions>
        <rtc:OnInitialize xsi:type="rtcDoc:action_status_doc" rtc:implemented="true"/>
        <rtc:OnFinalize xsi:type="rtcDoc:action_status_doc" rtc:implemented="false"/>
        <rtc:OnStartup xsi:type="rtcDoc:action_status_doc" rtc:implemented="false"/>
        <rtc:OnShutdown xsi:type="rtcDoc:action_status_doc" rtc:implemented="false"/>
        <rtc:OnActivated xsi:type="rtcDoc:action_status_doc" rtc:implemented="false"/>
        <rtc:OnDeactivated xsi:type="rtcDoc:action_status_doc" rtc:implemented="false"/>
        <rtc:OnAborting xsi:type="rtcDoc:action_status_doc" rtc:implemented="false"/>
        <rtc:OnError xsi:type="rtcDoc:action_status_doc" rtc:implemented="false"/>
        <rtc:OnReset xsi:type="rtcDoc:action_status_doc" rtc:implemented="false"/>
        <rtc:OnExecute xsi:type="rtcDoc:action_status_doc" rtc:implemented="true"/>
        <rtc:OnStateUpdate xsi:type="rtcDoc:action_status_doc" rtc:implemented="false"/>
        <rtc:OnRateChanged xsi:type="rtcDoc:action_status_doc" rtc:implemented="false"/>
        <rtc:OnAction xsi:type="rtcDoc:action_status_doc" rtc:implemented="false"/>
        <rtc:OnModeChanged xsi:type="rtcDoc:action_status_doc" rtc:implemented="false"/>
    </rtc:Actions>
    <rtc:DataPorts xsi:type="rtcExt:dataport_ext" rtcExt:position="LEFT" rtcExt:variableName="" rtc:unit="" rtc:subscriptionType="" rtc:dataflowType="" rtc:interfaceType="" rtc:idlFile="" rtc:type="RTC::TimedLong" rtc:name="In0" rtc:portType="DataInPort"/>
    <rtc:DataPorts xsi:type="rtcExt:dataport_ext" rtcExt:position="LEFT" rtcExt:variableName="" rtc:unit="" rtc:subscriptionType="" rtc:dataflowType="" rtc:interfaceType="" rtc:idlFile="" rtc:type="RTC::TimedLong" rtc:name="In1" rtc:portType="DataInPort"/>
    <rtc:DataPorts xsi:type="rtcExt:dataport_ext" rtcExt:position="RIGHT" rtcExt:variableName="" rtc:unit="" rtc:subscriptionType="" rtc:dataflowType="" rtc:interfaceType="" rtc:idlFile="" rtc:type="RTC::TimedLong" rtc:name="Out0" rtc:portType="DataOutPort"/>
    <rtc:DataPorts xsi:type="rtcExt:dataport_ext" rtcExt:position="RIGHT" rtcExt:variableName="" rtc:unit="" rtc:subscriptionType="" rtc:dataflowType="" rtc:interfaceType="" rtc:idlFile="" rtc:type="RTC::TimedLong" rtc:name="Out1" rtc:portType="DataOutPort"/>
    <rtc:Language xsi:type="rtcExt:language_ext" rtc:kind="Python"/>
</rtc:RtcProfile>
